[
    {
        "type": "constructor",
        "inputs": [
            {
                "name": "_destination",
                "type": "address",
                "internalType": "address payable"
            },
            {
                "name": "_wNative",
                "type": "address",
                "internalType": "address payable"
            },
            {
                "name": "_fee",
                "type": "uint96",
                "internalType": "uint96"
            }
        ],
        "stateMutability": "nonpayable"
    },
    {
        "name": "Deadline",
        "type": "error",
        "inputs": []
    },
    {
        "name": "DestinationMissing",
        "type": "error",
        "inputs": []
    },
    {
        "name": "DexConflict",
        "type": "error",
        "inputs": [
            {
                "name": "dexIndex",
                "type": "uint256",
                "internalType": "uint256"
            }
        ]
    },
    {
        "name": "DexDisabled",
        "type": "error",
        "inputs": []
    },
    {
        "name": "DexTypeInvalid",
        "type": "error",
        "inputs": []
    },
    {
        "name": "FallbackNotAllowed",
        "type": "error",
        "inputs": []
    },
    {
        "name": "FeeMissing",
        "type": "error",
        "inputs": [
            {
                "name": "expected",
                "type": "uint256",
                "internalType": "uint256"
            },
            {
                "name": "provided",
                "type": "uint256",
                "internalType": "uint256"
            },
            {
                "name": "message",
                "type": "string",
                "internalType": "string"
            }
        ]
    },
    {
        "name": "FunderMismatch",
        "type": "error",
        "inputs": [
            {
                "name": "expected",
                "type": "address",
                "internalType": "address"
            },
            {
                "name": "provided",
                "type": "address",
                "internalType": "address"
            }
        ]
    },
    {
        "name": "NativeMissing",
        "type": "error",
        "inputs": [
            {
                "name": "pathIndex",
                "type": "uint256",
                "internalType": "uint256"
            }
        ]
    },
    {
        "name": "ValueMismatch",
        "type": "error",
        "inputs": [
            {
                "name": "consumed",
                "type": "uint256",
                "internalType": "uint256"
            },
            {
                "name": "provided",
                "type": "uint256",
                "internalType": "uint256"
            }
        ]
    },
    {
        "name": "AddDex",
        "type": "event",
        "inputs": [
            {
                "name": "executor",
                "type": "address",
                "indexed": true,
                "internalType": "address"
            },
            {
                "name": "dexId",
                "type": "uint256",
                "indexed": true,
                "internalType": "uint256"
            }
        ],
        "anonymous": false
    },
    {
        "name": "FeesCollected",
        "type": "event",
        "inputs": [
            {
                "name": "amount",
                "type": "uint256",
                "indexed": true,
                "internalType": "uint256"
            },
            {
                "name": "isNative",
                "type": "bool",
                "indexed": true,
                "internalType": "bool"
            }
        ],
        "anonymous": false
    },
    {
        "name": "FeesDistributed",
        "type": "event",
        "inputs": [
            {
                "name": "amount",
                "type": "uint256",
                "indexed": false,
                "internalType": "uint256"
            }
        ],
        "anonymous": false
    },
    {
        "name": "IMSwap",
        "type": "event",
        "inputs": [
            {
                "name": "inAndOutTokens",
                "type": "bytes32",
                "indexed": true,
                "internalType": "bytes32"
            },
            {
                "name": "amountIn",
                "type": "uint256",
                "indexed": false,
                "internalType": "uint256"
            },
            {
                "name": "sender",
                "type": "address",
                "indexed": true,
                "internalType": "address"
            },
            {
                "name": "dexId",
                "type": "uint256",
                "indexed": true,
                "internalType": "uint256"
            }
        ],
        "anonymous": false
    },
    {
        "name": "OwnershipTransferred",
        "type": "event",
        "inputs": [
            {
                "name": "previousOwner",
                "type": "address",
                "indexed": true,
                "internalType": "address"
            },
            {
                "name": "newOwner",
                "type": "address",
                "indexed": true,
                "internalType": "address"
            }
        ],
        "anonymous": false
    },
    {
        "name": "UpdateDex",
        "type": "event",
        "inputs": [
            {
                "name": "executor",
                "type": "address",
                "indexed": true,
                "internalType": "address"
            },
            {
                "name": "dexId",
                "type": "uint256",
                "indexed": true,
                "internalType": "uint256"
            }
        ],
        "anonymous": false
    },
    {
        "name": "UpdateMigrationAddresses",
        "type": "event",
        "inputs": [
            {
                "name": "executor",
                "type": "address",
                "indexed": true,
                "internalType": "address"
            },
            {
                "name": "addresses",
                "type": "address[]",
                "indexed": false,
                "internalType": "address[]"
            }
        ],
        "anonymous": false
    },
    {
        "name": "addDex",
        "type": "function",
        "inputs": [
            {
                "name": "_dexName",
                "type": "string",
                "internalType": "string"
            },
            {
                "name": "_router",
                "type": "address",
                "internalType": "address"
            },
            {
                "name": "_wNative",
                "type": "address",
                "internalType": "address payable"
            },
            {
                "name": "dexType",
                "type": "uint8",
                "internalType": "enum DexTracker.DexType"
            }
        ],
        "outputs": [],
        "stateMutability": "payable"
    },
    {
        "name": "amountOutFrom",
        "type": "function",
        "inputs": [
            {
                "name": "factory",
                "type": "address",
                "internalType": "address"
            },
            {
                "name": "tokenIn",
                "type": "address",
                "internalType": "address"
            },
            {
                "name": "tokenOut",
                "type": "address",
                "internalType": "address"
            },
            {
                "name": "amountIn",
                "type": "uint256",
                "internalType": "uint256"
            }
        ],
        "outputs": [
            {
                "name": "",
                "type": "uint256",
                "internalType": "uint256"
            }
        ],
        "stateMutability": "view"
    },
    {
        "name": "checkPairForValidPrice",
        "type": "function",
        "inputs": [
            {
                "name": "factory",
                "type": "address",
                "internalType": "address"
            },
            {
                "name": "token",
                "type": "address",
                "internalType": "address"
            }
        ],
        "outputs": [
            {
                "name": "tokenReserve",
                "type": "uint256",
                "internalType": "uint256"
            },
            {
                "name": "wethReserve",
                "type": "uint256",
                "internalType": "uint256"
            }
        ],
        "stateMutability": "view"
    },
    {
        "name": "clamp",
        "type": "function",
        "inputs": [
            {
                "name": "amount",
                "type": "uint256",
                "internalType": "uint256"
            },
            {
                "name": "max",
                "type": "uint256",
                "internalType": "uint256"
            }
        ],
        "outputs": [
            {
                "name": "",
                "type": "uint256",
                "internalType": "uint256"
            }
        ],
        "stateMutability": "pure"
    },
    {
        "name": "destination",
        "type": "function",
        "inputs": [],
        "outputs": [
            {
                "name": "",
                "type": "address",
                "internalType": "address payable"
            }
        ],
        "stateMutability": "view"
    },
    {
        "name": "dexInfo",
        "type": "function",
        "inputs": [
            {
                "name": "",
                "type": "uint256",
                "internalType": "uint256"
            }
        ],
        "outputs": [
            {
                "name": "id",
                "type": "uint64",
                "internalType": "uint64"
            },
            {
                "name": "router",
                "type": "address",
                "internalType": "address"
            },
            {
                "name": "disabled",
                "type": "bool",
                "internalType": "bool"
            },
            {
                "name": "wNative",
                "type": "address",
                "internalType": "address payable"
            },
            {
                "name": "dexType",
                "type": "uint8",
                "internalType": "enum DexTracker.DexType"
            },
            {
                "name": "name",
                "type": "string",
                "internalType": "string"
            }
        ],
        "stateMutability": "view"
    },
    {
        "name": "dexInfoSize",
        "type": "function",
        "inputs": [],
        "outputs": [
            {
                "name": "",
                "type": "uint256",
                "internalType": "uint256"
            }
        ],
        "stateMutability": "view"
    },
    {
        "name": "disableDex",
        "type": "function",
        "inputs": [
            {
                "name": "id",
                "type": "uint256",
                "internalType": "uint256"
            },
            {
                "name": "disabled",
                "type": "bool",
                "internalType": "bool"
            }
        ],
        "outputs": [],
        "stateMutability": "payable"
    },
    {
        "name": "distribute",
        "type": "function",
        "inputs": [
            {
                "name": "amount",
                "type": "uint256",
                "internalType": "uint256"
            }
        ],
        "outputs": [],
        "stateMutability": "payable"
    },
    {
        "name": "distributeAll",
        "type": "function",
        "inputs": [
            {
                "name": "amount",
                "type": "uint256",
                "internalType": "uint256"
            }
        ],
        "outputs": [],
        "stateMutability": "payable"
    },
    {
        "name": "feeDenominator",
        "type": "function",
        "inputs": [],
        "outputs": [
            {
                "name": "",
                "type": "uint256",
                "internalType": "uint256"
            }
        ],
        "stateMutability": "view"
    },
    {
        "name": "feeNumerator",
        "type": "function",
        "inputs": [],
        "outputs": [
            {
                "name": "",
                "type": "uint256",
                "internalType": "uint256"
            }
        ],
        "stateMutability": "view"
    },
    {
        "name": "getFeeMinimum",
        "type": "function",
        "inputs": [
            {
                "name": "factory",
                "type": "address",
                "internalType": "address"
            },
            {
                "name": "_amountIn",
                "type": "uint256",
                "internalType": "uint256"
            },
            {
                "name": "path",
                "type": "address[]",
                "internalType": "address[]"
            }
        ],
        "outputs": [
            {
                "name": "",
                "type": "address",
                "internalType": "address"
            },
            {
                "name": "",
                "type": "uint256",
                "internalType": "uint256"
            }
        ],
        "stateMutability": "view"
    },
    {
        "name": "getSingleFeeMinimum",
        "type": "function",
        "inputs": [
            {
                "name": "factory",
                "type": "address",
                "internalType": "address"
            },
            {
                "name": "_amountIn",
                "type": "uint256",
                "internalType": "uint256"
            },
            {
                "name": "source",
                "type": "address",
                "internalType": "address"
            }
        ],
        "outputs": [
            {
                "name": "minimum",
                "type": "uint256",
                "internalType": "uint256"
            }
        ],
        "stateMutability": "view"
    },
    {
        "name": "migrationAddresses",
        "type": "function",
        "inputs": [
            {
                "name": "",
                "type": "uint256",
                "internalType": "uint256"
            }
        ],
        "outputs": [
            {
                "name": "",
                "type": "address",
                "internalType": "address"
            }
        ],
        "stateMutability": "view"
    },
    {
        "name": "owner",
        "type": "function",
        "inputs": [],
        "outputs": [
            {
                "name": "",
                "type": "address",
                "internalType": "address"
            }
        ],
        "stateMutability": "view"
    },
    {
        "name": "pendingDistribution",
        "type": "function",
        "inputs": [],
        "outputs": [
            {
                "name": "",
                "type": "uint256",
                "internalType": "uint256"
            }
        ],
        "stateMutability": "view"
    },
    {
        "name": "pendingDistributionSegmented",
        "type": "function",
        "inputs": [],
        "outputs": [
            {
                "name": "",
                "type": "uint256",
                "internalType": "uint256"
            },
            {
                "name": "",
                "type": "uint256",
                "internalType": "uint256"
            }
        ],
        "stateMutability": "view"
    },
    {
        "name": "renounceOwnership",
        "type": "function",
        "inputs": [],
        "outputs": [],
        "stateMutability": "nonpayable"
    },
    {
        "name": "routerToDex",
        "type": "function",
        "inputs": [
            {
                "name": "",
                "type": "address",
                "internalType": "address"
            }
        ],
        "outputs": [
            {
                "name": "",
                "type": "uint256",
                "internalType": "uint256"
            }
        ],
        "stateMutability": "view"
    },
    {
        "name": "setMigrationAddress",
        "type": "function",
        "inputs": [
            {
                "name": "_migrationAddresses",
                "type": "address[]",
                "internalType": "address[]"
            }
        ],
        "outputs": [],
        "stateMutability": "nonpayable"
    },
    {
        "name": "swapBalancerV2",
        "type": "function",
        "inputs": [
            {
                "name": "dexId",
                "type": "uint256",
                "internalType": "uint256"
            },
            {
                "name": "swaps",
                "type": "tuple[]",
                "components": [
                    {
                        "name": "poolId",
                        "type": "bytes32",
                        "internalType": "bytes32"
                    },
                    {
                        "name": "assetInIndex",
                        "type": "uint256",
                        "internalType": "uint256"
                    },
                    {
                        "name": "assetOutIndex",
                        "type": "uint256",
                        "internalType": "uint256"
                    },
                    {
                        "name": "amount",
                        "type": "uint256",
                        "internalType": "uint256"
                    },
                    {
                        "name": "userData",
                        "type": "bytes",
                        "internalType": "bytes"
                    }
                ],
                "internalType": "struct IVault.BatchSwapStep[]"
            },
            {
                "name": "assets",
                "type": "address[]",
                "internalType": "contract IAsset[]"
            },
            {
                "name": "funds",
                "type": "tuple",
                "components": [
                    {
                        "name": "sender",
                        "type": "address",
                        "internalType": "address"
                    },
                    {
                        "name": "fromInternalBalance",
                        "type": "bool",
                        "internalType": "bool"
                    },
                    {
                        "name": "recipient",
                        "type": "address",
                        "internalType": "address payable"
                    },
                    {
                        "name": "toInternalBalance",
                        "type": "bool",
                        "internalType": "bool"
                    }
                ],
                "internalType": "struct IVault.FundManagement"
            },
            {
                "name": "limits",
                "type": "int256[]",
                "internalType": "int256[]"
            },
            {
                "name": "deadline",
                "type": "uint256",
                "internalType": "uint256"
            },
            {
                "name": "inTokenIndex",
                "type": "uint256",
                "internalType": "uint256"
            },
            {
                "name": "outTokenIndex",
                "type": "uint256",
                "internalType": "uint256"
            },
            {
                "name": "amountIn",
                "type": "uint256",
                "internalType": "uint256"
            }
        ],
        "outputs": [],
        "stateMutability": "payable"
    },
    {
        "name": "swapNativeToV2",
        "type": "function",
        "inputs": [
            {
                "name": "_dexId",
                "type": "uint256",
                "internalType": "uint256"
            },
            {
                "name": "recipient",
                "type": "address",
                "internalType": "address"
            },
            {
                "name": "_path",
                "type": "address[]",
                "internalType": "address[]"
            },
            {
                "name": "_amountIn",
                "type": "uint256",
                "internalType": "uint256"
            },
            {
                "name": "_minAmountOut",
                "type": "uint256",
                "internalType": "uint256"
            },
            {
                "name": "_deadline",
                "type": "uint256",
                "internalType": "uint256"
            }
        ],
        "outputs": [],
        "stateMutability": "payable"
    },
    {
        "name": "swapPiteas",
        "type": "function",
        "inputs": [
            {
                "name": "dexId",
                "type": "uint256",
                "internalType": "uint256"
            },
            {
                "name": "piteasCalldata",
                "type": "bytes",
                "internalType": "bytes"
            }
        ],
        "outputs": [],
        "stateMutability": "payable"
    },
    {
        "name": "swapToNativeV2",
        "type": "function",
        "inputs": [
            {
                "name": "_dexId",
                "type": "uint256",
                "internalType": "uint256"
            },
            {
                "name": "recipient",
                "type": "address",
                "internalType": "address payable"
            },
            {
                "name": "_path",
                "type": "address[]",
                "internalType": "address[]"
            },
            {
                "name": "_amountIn",
                "type": "uint256",
                "internalType": "uint256"
            },
            {
                "name": "_minAmountOut",
                "type": "uint256",
                "internalType": "uint256"
            },
            {
                "name": "_deadline",
                "type": "uint256",
                "internalType": "uint256"
            }
        ],
        "outputs": [],
        "stateMutability": "payable"
    },
    {
        "name": "swapTokenV2",
        "type": "function",
        "inputs": [
            {
                "name": "_dexId",
                "type": "uint256",
                "internalType": "uint256"
            },
            {
                "name": "recipient",
                "type": "address",
                "internalType": "address"
            },
            {
                "name": "_path",
                "type": "address[]",
                "internalType": "address[]"
            },
            {
                "name": "_amountIn",
                "type": "uint256",
                "internalType": "uint256"
            },
            {
                "name": "_minAmountOut",
                "type": "uint256",
                "internalType": "uint256"
            },
            {
                "name": "_deadline",
                "type": "uint256",
                "internalType": "uint256"
            }
        ],
        "outputs": [],
        "stateMutability": "payable"
    },
    {
        "name": "swapUniswapV3",
        "type": "function",
        "inputs": [
            {
                "name": "dexId",
                "type": "uint256",
                "internalType": "uint256"
            },
            {
                "name": "params",
                "type": "tuple",
                "components": [
                    {
                        "name": "path",
                        "type": "bytes",
                        "internalType": "bytes"
                    },
                    {
                        "name": "recipient",
                        "type": "address",
                        "internalType": "address"
                    },
                    {
                        "name": "amountIn",
                        "type": "uint256",
                        "internalType": "uint256"
                    },
                    {
                        "name": "amountOutMinimum",
                        "type": "uint256",
                        "internalType": "uint256"
                    }
                ],
                "internalType": "struct IV3SwapRouter.ExactInputParams"
            }
        ],
        "outputs": [],
        "stateMutability": "payable"
    },
    {
        "name": "transferOwnership",
        "type": "function",
        "inputs": [
            {
                "name": "newOwner",
                "type": "address",
                "internalType": "address"
            }
        ],
        "outputs": [],
        "stateMutability": "nonpayable"
    },
    {
        "name": "updateDex",
        "type": "function",
        "inputs": [
            {
                "name": "index",
                "type": "uint256",
                "internalType": "uint256"
            },
            {
                "name": "_name",
                "type": "string",
                "internalType": "string"
            },
            {
                "name": "_wNative",
                "type": "address",
                "internalType": "address payable"
            },
            {
                "name": "dexType",
                "type": "uint8",
                "internalType": "enum DexTracker.DexType"
            }
        ],
        "outputs": [],
        "stateMutability": "payable"
    },
    {
        "name": "wNative",
        "type": "function",
        "inputs": [],
        "outputs": [
            {
                "name": "",
                "type": "address",
                "internalType": "address payable"
            }
        ],
        "stateMutability": "view"
    },
    {
        "name": "wrap",
        "type": "function",
        "inputs": [
            {
                "name": "_wNative",
                "type": "address",
                "internalType": "address payable"
            }
        ],
        "outputs": [],
        "stateMutability": "payable"
    },
    {
        "type": "receive",
        "stateMutability": "payable"
    }
]